mass_ifmr,mass_subg
0.9,0.8916618577788042
0.95,0.9399689710541157
1.0,0.9878702068758158
1.05,1.0349342526483707
1.1,1.0817902128787578
1.15,1.1273912975757558
